{
    "AngularVelocity": {
        "Max": {
            "x": 3.140000104904175,
            "y": 3.140000104904175,
            "z": 3.140000104904175
        },
        "Min": {
            "x": 0.0,
            "y": 0.0,
            "z": 0.0
        }
    },
    "BlendMode": 1,
    "ClumpNum": 1,
    "EffectStyle": 0,
    "EmitRate": 750,
    "EndColor": {
        "Max": {
            "w": 0.0,
            "x": 0.0,
            "y": 0.0,
            "z": 0.0
        },
        "Min": {
            "w": 0.0,
            "x": 1.0,
            "y": 1.0,
            "z": 1.0
        }
    },
    "EndTime": 10.0,
    "FloorHeight": 0.0,
    "GenerateMethod": 0,
    "GrainTransform": {
        "Rotate": {
            "Max": {
                "x": 6.28000020980835,
                "y": 6.28000020980835,
                "z": 6.28000020980835
            },
            "Min": {
                "x": 0.0,
                "y": 0.0,
                "z": 0.0
            }
        },
        "Scale": {
            "Max": {
                "x": 0.10000000149011612,
                "y": 0.10000000149011612,
                "z": 1.0
            },
            "Min": {
                "x": 0.10000000149011612,
                "y": 0.10000000149011612,
                "z": 1.0
            }
        }
    },
    "Gravity": -1.5,
    "IsBillboard": 0,
    "IsBound": 1,
    "IsGravity": 1,
    "LifeTime": {
        "Max": 5.0,
        "Min": 2.0
    },
    "LocalTransform": {
        "Rotate": {
            "w": 0.0,
            "x": 0.0,
            "y": 0.0,
            "z": 0.0
        },
        "Scale": {
            "w": 0.0,
            "x": 15.0,
            "y": 1.0,
            "z": 15.0
        },
        "Translate": {
            "w": 0.0,
            "x": 0.0,
            "y": 0.0,
            "z": 0.0
        }
    },
    "MaxGrains": 3750,
    "Primitive": 3,
    "Repulsion": 0.0,
    "SizeVelocity": {
        "Max": 0.0,
        "Min": 0.0
    },
    "StartColor": {
        "Max": {
            "w": 1.0,
            "x": 0.0,
            "y": 0.0,
            "z": 0.0
        },
        "Min": {
            "w": 1.0,
            "x": 1.0,
            "y": 1.0,
            "z": 1.0
        }
    },
    "StartTime": 0.0,
    "Texture": "white.png",
    "Velocity": {
        "Max": {
            "x": 1.0,
            "y": 0.0,
            "z": 1.0
        },
        "Min": {
            "x": -1.0,
            "y": 0.0,
            "z": -1.0
        }
    }
}