{
    "AngularVelocity": {
        "Max": {
            "x": 0.0,
            "y": 0.0,
            "z": 0.0
        },
        "Min": {
            "x": 0.0,
            "y": 0.0,
            "z": 0.0
        }
    },
    "BlendMode": 2,
    "ClumpNum": 1,
    "EffectStyle": 0,
    "EmitRate": 15,
    "EndColor": {
        "Max": {
            "w": 0.0,
            "x": 1.0,
            "y": 1.0,
            "z": 1.0
        },
        "Min": {
            "w": 0.0,
            "x": 1.0,
            "y": 1.0,
            "z": 1.0
        }
    },
    "EndTime": 0.20000000298023224,
    "FloorHeight": 0.0,
    "GenerateMethod": 0,
    "GrainTransform": {
        "Rotate": {
            "Max": {
                "x": 3.140000104904175,
                "y": 3.140000104904175,
                "z": 0.0
            },
            "Min": {
                "x": 0.0,
                "y": 0.0,
                "z": 0.0
            }
        },
        "Scale": {
            "Max": {
                "x": 1.0,
                "y": 1.0,
                "z": 1.0
            },
            "Min": {
                "x": 0.5,
                "y": 0.5,
                "z": 1.0
            }
        }
    },
    "Gravity": 1.0,
    "IsBillboard": 0,
    "IsBound": 0,
    "IsGravity": 0,
    "LifeTime": {
        "Max": 0.800000011920929,
        "Min": 0.800000011920929
    },
    "LocalTransform": {
        "Rotate": {
            "w": 0.0,
            "x": 0.0,
            "y": 0.0,
            "z": 0.0
        },
        "Scale": {
            "w": 0.0,
            "x": 0.10000000149011612,
            "y": 0.10000000149011612,
            "z": 0.10000000149011612
        },
        "Translate": {
            "w": 0.0,
            "x": 0.10000000149011612,
            "y": 0.10000000149011612,
            "z": 0.10000000149011612
        }
    },
    "MaxGrains": 12,
    "Primitive": 4,
    "Repulsion": 0.5,
    "SizeVelocity": {
        "Max": 400.0,
        "Min": 400.0
    },
    "StartColor": {
        "Max": {
            "w": 1.0,
            "x": 1.0,
            "y": 1.0,
            "z": 1.0
        },
        "Min": {
            "w": 1.0,
            "x": 1.0,
            "y": 1.0,
            "z": 1.0
        }
    },
    "StartTime": 0.10000000149011612,
    "Texture": "gradationLine2.png",
    "Velocity": {
        "Max": {
            "x": 0.0,
            "y": 0.0,
            "z": 0.0
        },
        "Min": {
            "x": 0.0,
            "y": 0.0,
            "z": 0.0
        }
    }
}