{
    "AngularVelocity": {
        "Max": {
            "x": 3.0,
            "y": 3.0,
            "z": 3.0
        },
        "Min": {
            "x": -3.0,
            "y": -3.0,
            "z": -3.0
        }
    },
    "BlendMode": 1,
    "ClumpNum": 1,
    "EffectStyle": 0,
    "EmitRate": 100,
    "EndColor": {
        "Max": {
            "w": 0.0,
            "x": 0.9343628883361816,
            "y": 0.0,
            "z": 1.0
        },
        "Min": {
            "w": 0.0,
            "x": 0.33028727769851685,
            "y": 0.0,
            "z": 0.7374517321586609
        }
    },
    "EndTime": 1.0,
    "FloorHeight": 0.0,
    "GenerateMethod": 0,
    "GrainTransform": {
        "Rotate": {
            "Max": {
                "x": 3.140000104904175,
                "y": 3.140000104904175,
                "z": 3.140000104904175
            },
            "Min": {
                "x": 0.0,
                "y": 0.0,
                "z": 0.0
            }
        },
        "Scale": {
            "Max": {
                "x": 1.5,
                "y": 1.5,
                "z": 1.5
            },
            "Min": {
                "x": 1.5,
                "y": 1.5,
                "z": 1.5
            }
        }
    },
    "Gravity": -98.0,
    "IsBillboard": 1,
    "IsBound": 1,
    "IsGravity": 1,
    "LifeTime": {
        "Max": 2.0,
        "Min": 2.0
    },
    "LocalTransform": {
        "Rotate": {
            "w": 0.0,
            "x": 0.0,
            "y": 0.0,
            "z": 0.0
        },
        "Scale": {
            "w": 0.0,
            "x": 35.0,
            "y": 35.0,
            "z": 35.0
        },
        "Translate": {
            "w": 0.0,
            "x": 0.0,
            "y": 0.0,
            "z": 0.0
        }
    },
    "MaxGrains": 200,
    "Primitive": 1,
    "Repulsion": 0.6000000238418579,
    "SizeVelocity": {
        "Max": 0.0,
        "Min": -1.2000000476837158
    },
    "StartColor": {
        "Max": {
            "w": 1.0,
            "x": 0.4478764533996582,
            "y": 0.0,
            "z": 1.0
        },
        "Min": {
            "w": 1.0,
            "x": 0.15503644943237305,
            "y": 0.0,
            "z": 0.5019304752349854
        }
    },
    "StartTime": 0.0,
    "Texture": "white.png",
    "Velocity": {
        "Max": {
            "x": 70.0,
            "y": 100.0,
            "z": 70.0
        },
        "Min": {
            "x": -70.0,
            "y": 30.0,
            "z": -70.0
        }
    }
}