{
    "AngularVelocity": {
        "Max": {
            "x": 0.0,
            "y": 0.0,
            "z": 4.0
        },
        "Min": {
            "x": 0.0,
            "y": 0.0,
            "z": 2.799999952316284
        }
    },
    "BlendMode": 1,
    "ClumpNum": 1,
    "EffectStyle": 0,
    "EmitRate": 3000,
    "EndColor": {
        "Max": {
            "w": 0.0,
            "x": 1.0,
            "y": 1.0,
            "z": 1.0
        },
        "Min": {
            "w": 0.0,
            "x": 1.0,
            "y": 1.0,
            "z": 1.0
        }
    },
    "EndTime": 1.0,
    "FloorHeight": 0.0,
    "GenerateMethod": 0,
    "GrainTransform": {
        "Rotate": {
            "Max": {
                "x": 0.0,
                "y": 0.0,
                "z": 0.0
            },
            "Min": {
                "x": 0.0,
                "y": 0.0,
                "z": 0.0
            }
        },
        "Scale": {
            "Max": {
                "x": 0.20000000298023224,
                "y": 0.20000000298023224,
                "z": 0.20000000298023224
            },
            "Min": {
                "x": 0.20000000298023224,
                "y": 0.20000000298023224,
                "z": 0.20000000298023224
            }
        }
    },
    "Gravity": -43.099998474121094,
    "IsBillboard": 1,
    "IsBound": 1,
    "IsGravity": 1,
    "LifeTime": {
        "Max": 2.0,
        "Min": 2.0
    },
    "LocalTransform": {
        "Rotate": {
            "w": 0.0,
            "x": 0.0,
            "y": 0.0,
            "z": 0.0
        },
        "Scale": {
            "w": 0.0,
            "x": 35.0,
            "y": 35.0,
            "z": 35.0
        },
        "Translate": {
            "w": 0.0,
            "x": 0.0,
            "y": 0.0,
            "z": 0.0
        }
    },
    "MaxGrains": 10000,
    "Primitive": 3,
    "Repulsion": 0.30000001192092896,
    "SizeVelocity": {
        "Max": 0.0,
        "Min": 0.0
    },
    "StartColor": {
        "Max": {
            "w": 1.0,
            "x": 1.0,
            "y": 1.0,
            "z": 1.0
        },
        "Min": {
            "w": 1.0,
            "x": 1.0,
            "y": 1.0,
            "z": 1.0
        }
    },
    "StartTime": 0.0,
    "Texture": "gray.png",
    "Velocity": {
        "Max": {
            "x": 20.0,
            "y": 40.0,
            "z": 20.0
        },
        "Min": {
            "x": -20.0,
            "y": 20.0,
            "z": -20.0
        }
    }
}