{
    "AngularVelocity": {
        "Max": {
            "x": 0.0,
            "y": 0.0,
            "z": 0.0
        },
        "Min": {
            "x": 0.0,
            "y": 0.0,
            "z": 0.0
        }
    },
    "BlendMode": 2,
    "ClumpNum": 30,
    "EffectStyle": 1,
    "EmitRate": 1,
    "EndColor": {
        "Max": {
            "w": 0.0,
            "x": 1.0,
            "y": 0.9254902005195618,
            "z": 0.0
        },
        "Min": {
            "w": 0.0,
            "x": 1.0,
            "y": 0.9254902005195618,
            "z": 0.0
        }
    },
    "EndTime": 0.0,
    "FloorHeight": 0.0,
    "GenerateMethod": 1,
    "GrainTransform": {
        "Rotate": {
            "Max": {
                "x": 0.0,
                "y": 0.0,
                "z": 3.140000104904175
            },
            "Min": {
                "x": 0.0,
                "y": 0.0,
                "z": 0.0
            }
        },
        "Scale": {
            "Max": {
                "x": 80.0,
                "y": 5.0,
                "z": 1.0
            },
            "Min": {
                "x": 40.0,
                "y": 5.0,
                "z": 1.0
            }
        }
    },
    "Gravity": 1.0,
    "IsBillboard": 1,
    "IsBound": 0,
    "IsGravity": 0,
    "LifeTime": {
        "Max": 0.10000000149011612,
        "Min": 0.10000000149011612
    },
    "LocalTransform": {
        "Rotate": {
            "w": 0.0,
            "x": 0.0,
            "y": 0.0,
            "z": 0.0
        },
        "Scale": {
            "w": 0.0,
            "x": 0.10000000149011612,
            "y": 0.10000000149011612,
            "z": 0.10000000149011612
        },
        "Translate": {
            "w": 0.0,
            "x": 0.0,
            "y": 0.0,
            "z": 0.0
        }
    },
    "MaxGrains": 30,
    "Primitive": 3,
    "Repulsion": 0.5,
    "SizeVelocity": {
        "Max": -1.5,
        "Min": -1.5
    },
    "StartColor": {
        "Max": {
            "w": 0.48235294222831726,
            "x": 1.0,
            "y": 0.9254902005195618,
            "z": 0.0
        },
        "Min": {
            "w": 0.48235294222831726,
            "x": 1.0,
            "y": 0.9254902005195618,
            "z": 0.0
        }
    },
    "StartTime": 0.0,
    "Texture": "circle.png",
    "Velocity": {
        "Max": {
            "x": 0.0,
            "y": 0.0,
            "z": 0.0
        },
        "Min": {
            "x": 0.0,
            "y": 0.0,
            "z": 0.0
        }
    }
}