{
    "AngularVelocity": {
        "Max": {
            "x": 0.0,
            "y": 0.0,
            "z": 1.7999999523162842
        },
        "Min": {
            "x": 0.0,
            "y": 0.0,
            "z": -1.7999999523162842
        }
    },
    "BlendMode": 2,
    "ClumpNum": 3,
    "EffectStyle": 0,
    "EmitRate": 350,
    "EndColor": {
        "Max": {
            "w": 0.0,
            "x": 1.0,
            "y": 0.0,
            "z": 0.0
        },
        "Min": {
            "w": 0.0,
            "x": 1.0,
            "y": 0.0,
            "z": 0.06949853897094727
        }
    },
    "EndTime": 1.0,
    "FloorHeight": 0.0,
    "GenerateMethod": 1,
    "GrainTransform": {
        "Rotate": {
            "Max": {
                "x": 0.0,
                "y": 0.0,
                "z": 3.140000104904175
            },
            "Min": {
                "x": 0.0,
                "y": 0.0,
                "z": 0.0
            }
        },
        "Scale": {
            "Max": {
                "x": 5.0,
                "y": 5.0,
                "z": 1.0
            },
            "Min": {
                "x": 5.0,
                "y": 5.0,
                "z": 1.0
            }
        }
    },
    "Gravity": 4.900000095367432,
    "IsBillboard": 1,
    "IsBound": 0,
    "IsGravity": 1,
    "LifeTime": {
        "Max": 3.0,
        "Min": 1.0
    },
    "LocalTransform": {
        "Rotate": {
            "w": 0.0,
            "x": 0.0,
            "y": 0.0,
            "z": 0.0
        },
        "Scale": {
            "w": 0.0,
            "x": 1.0,
            "y": 1.0,
            "z": 1.0
        },
        "Translate": {
            "w": 0.0,
            "x": 0.10000000149011612,
            "y": 0.0,
            "z": 0.10000000149011612
        }
    },
    "MaxGrains": 3150,
    "Primitive": 3,
    "Repulsion": 0.5,
    "SizeVelocity": {
        "Max": -0.5,
        "Min": -1.0
    },
    "StartColor": {
        "Max": {
            "w": 1.0,
            "x": 0.6332046985626221,
            "y": 1.0,
            "z": 0.0
        },
        "Min": {
            "w": 1.0,
            "x": 1.0,
            "y": 0.0,
            "z": 0.30115842819213867
        }
    },
    "StartTime": 0.0,
    "Texture": "grunge.png",
    "Velocity": {
        "Max": {
            "x": 1.0,
            "y": 0.30000001192092896,
            "z": 1.0
        },
        "Min": {
            "x": -1.0,
            "y": 0.0,
            "z": -1.0
        }
    }
}