{
    "AngularVelocity": {
        "Max": {
            "x": 0.0,
            "y": 0.0,
            "z": 1.5
        },
        "Min": {
            "x": 0.0,
            "y": 0.0,
            "z": -1.5
        }
    },
    "BlendMode": 1,
    "ClumpNum": 8,
    "EffectStyle": 0,
    "EmitRate": 15,
    "EndColor": {
        "Max": {
            "w": 0.0,
            "x": 0.0941176488995552,
            "y": 0.0941176488995552,
            "z": 0.0941176488995552
        },
        "Min": {
            "w": 0.0,
            "x": 0.09266406297683716,
            "y": 0.09266406297683716,
            "z": 0.09266406297683716
        }
    },
    "EndTime": 1.0,
    "FloorHeight": 0.0,
    "GenerateMethod": 1,
    "GrainTransform": {
        "Rotate": {
            "Max": {
                "x": 0.0,
                "y": 0.0,
                "z": 3.140000104904175
            },
            "Min": {
                "x": 0.0,
                "y": 0.0,
                "z": 0.0
            }
        },
        "Scale": {
            "Max": {
                "x": 1.5,
                "y": 2.0,
                "z": 1.0
            },
            "Min": {
                "x": 1.5,
                "y": 1.0,
                "z": 1.0
            }
        }
    },
    "Gravity": 9.800000190734863,
    "IsBillboard": 1,
    "IsBound": 0,
    "IsGravity": 1,
    "LifeTime": {
        "Max": 6.0,
        "Min": 5.0
    },
    "LocalTransform": {
        "Rotate": {
            "w": 0.0,
            "x": 0.0,
            "y": 0.0,
            "z": 0.0
        },
        "Scale": {
            "w": 0.0,
            "x": 1.0,
            "y": 1.0,
            "z": 1.0
        },
        "Translate": {
            "w": 0.0,
            "x": 0.0,
            "y": 0.0,
            "z": 0.0
        }
    },
    "MaxGrains": 720,
    "Primitive": 3,
    "Repulsion": 0.5,
    "SizeVelocity": {
        "Max": 15.0,
        "Min": 10.0
    },
    "StartColor": {
        "Max": {
            "w": 0.501960813999176,
            "x": 0.0,
            "y": 0.0,
            "z": 0.0
        },
        "Min": {
            "w": 0.3764705955982208,
            "x": 0.0,
            "y": 0.0,
            "z": 0.0
        }
    },
    "StartTime": 0.0,
    "Texture": "smoke.png",
    "Velocity": {
        "Max": {
            "x": 20.0,
            "y": 1.0,
            "z": 10.0
        },
        "Min": {
            "x": 10.0,
            "y": -1.0,
            "z": 5.0
        }
    }
}