{
    "AngularVelocity": {
        "Max": {
            "x": 0.0,
            "y": 0.0,
            "z": 0.0
        },
        "Min": {
            "x": 0.0,
            "y": 0.0,
            "z": 0.0
        }
    },
    "BlendMode": 2,
    "ClumpNum": 1,
    "EffectStyle": 0,
    "EmitRate": 30,
    "EndColor": {
        "Max": {
            "w": 0.0,
            "x": 1.0,
            "y": 0.0,
            "z": 0.0
        },
        "Min": {
            "w": 0.0,
            "x": 1.0,
            "y": 0.0,
            "z": 0.0
        }
    },
    "EndTime": 0.20000000298023224,
    "FloorHeight": 0.0,
    "GenerateMethod": 0,
    "GrainTransform": {
        "Rotate": {
            "Max": {
                "x": 0.0,
                "y": 0.0,
                "z": 0.0
            },
            "Min": {
                "x": 0.0,
                "y": 0.0,
                "z": 0.0
            }
        },
        "Scale": {
            "Max": {
                "x": 0.30000001192092896,
                "y": 1.7999999523162842,
                "z": 0.30000001192092896
            },
            "Min": {
                "x": 0.30000001192092896,
                "y": 1.7999999523162842,
                "z": 0.30000001192092896
            }
        }
    },
    "Gravity": -75.0,
    "IsBillboard": 1,
    "IsBound": 0,
    "IsGravity": 1,
    "LifeTime": {
        "Max": 2.0,
        "Min": 2.0
    },
    "LocalTransform": {
        "Rotate": {
            "w": 0.0,
            "x": 0.0,
            "y": 0.0,
            "z": 0.0
        },
        "Scale": {
            "w": 0.0,
            "x": 0.10000000149011612,
            "y": 0.10000000149011612,
            "z": 0.10000000149011612
        },
        "Translate": {
            "w": 0.0,
            "x": 0.0,
            "y": 0.0,
            "z": 0.0
        }
    },
    "MaxGrains": 60,
    "Primitive": 3,
    "Repulsion": 0.5,
    "SizeVelocity": {
        "Max": 0.0,
        "Min": 0.0
    },
    "StartColor": {
        "Max": {
            "w": 1.0,
            "x": 1.0,
            "y": 0.0,
            "z": 0.0
        },
        "Min": {
            "w": 1.0,
            "x": 1.0,
            "y": 0.0,
            "z": 0.0
        }
    },
    "StartTime": 0.0,
    "Texture": "circle.png",
    "Velocity": {
        "Max": {
            "x": 10.0,
            "y": 70.0,
            "z": 10.0
        },
        "Min": {
            "x": -10.0,
            "y": 70.0,
            "z": -10.0
        }
    }
}