{
    "AngularVelocity": {
        "Max": {
            "x": 2.0,
            "y": 2.0,
            "z": 2.0
        },
        "Min": {
            "x": -2.0,
            "y": -2.0,
            "z": -2.0
        }
    },
    "BlendMode": 1,
    "ClumpNum": 1,
    "EffectStyle": 0,
    "EmitRate": 10,
    "EndColor": {
        "Max": {
            "w": 1.0,
            "x": 1.0,
            "y": 1.0,
            "z": 1.0
        },
        "Min": {
            "w": 1.0,
            "x": 1.0,
            "y": 1.0,
            "z": 1.0
        }
    },
    "EndTime": 0.10000000149011612,
    "FloorHeight": 0.0,
    "GenerateMethod": 0,
    "GrainTransform": {
        "Rotate": {
            "Max": {
                "x": 3.0,
                "y": 3.0,
                "z": 3.0
            },
            "Min": {
                "x": 0.0,
                "y": 0.0,
                "z": 0.0
            }
        },
        "Scale": {
            "Max": {
                "x": 0.20000000298023224,
                "y": 0.14000000059604645,
                "z": 0.20000000298023224
            },
            "Min": {
                "x": 0.20000000298023224,
                "y": 0.14000000059604645,
                "z": 0.20000000298023224
            }
        }
    },
    "Gravity": -15.0,
    "IsBillboard": 0,
    "IsBound": 1,
    "IsGravity": 1,
    "LifeTime": {
        "Max": 1.5,
        "Min": 1.5
    },
    "LocalTransform": {
        "Rotate": {
            "w": 0.0,
            "x": 0.0,
            "y": 0.0,
            "z": 0.0
        },
        "Scale": {
            "w": 0.0,
            "x": 0.10000000149011612,
            "y": 0.10000000149011612,
            "z": 0.10000000149011612
        },
        "Translate": {
            "w": 0.0,
            "x": 0.0,
            "y": 0.0,
            "z": 0.0
        }
    },
    "MaxGrains": 15,
    "Primitive": 5,
    "Repulsion": 0.5,
    "SizeVelocity": {
        "Max": -0.800000011920929,
        "Min": -0.800000011920929
    },
    "StartColor": {
        "Max": {
            "w": 1.0,
            "x": 1.0,
            "y": 1.0,
            "z": 1.0
        },
        "Min": {
            "w": 1.0,
            "x": 1.0,
            "y": 1.0,
            "z": 1.0
        }
    },
    "StartTime": 0.0,
    "Texture": "black.png",
    "Velocity": {
        "Max": {
            "x": 15.0,
            "y": 20.0,
            "z": 15.0
        },
        "Min": {
            "x": -15.0,
            "y": 5.0,
            "z": -15.0
        }
    }
}