{
    "AngularVelocity": {
        "Max": {
            "x": 0.0,
            "y": 0.0,
            "z": 0.0
        },
        "Min": {
            "x": 0.0,
            "y": 0.0,
            "z": 0.0
        }
    },
    "BlendMode": 2,
    "ClumpNum": 1,
    "EffectStyle": 0,
    "EmitRate": 10000,
    "EndColor": {
        "Max": {
            "w": 0.0,
            "x": 0.43629342317581177,
            "y": 0.0,
            "z": 0.3941803276538849
        },
        "Min": {
            "w": 0.0,
            "x": 0.5247384905815125,
            "y": 0.0,
            "z": 0.7722007632255554
        }
    },
    "EndTime": 1.0,
    "FloorHeight": 0.0,
    "GenerateMethod": 0,
    "GrainTransform": {
        "Rotate": {
            "Max": {
                "x": 0.0,
                "y": 0.0,
                "z": 0.0
            },
            "Min": {
                "x": 0.0,
                "y": 0.0,
                "z": 0.0
            }
        },
        "Scale": {
            "Max": {
                "x": 0.10000000149011612,
                "y": 0.10000000149011612,
                "z": 1.0
            },
            "Min": {
                "x": 0.10000000149011612,
                "y": 0.10000000149011612,
                "z": 1.0
            }
        }
    },
    "Gravity": 9.800000190734863,
    "IsBillboard": 1,
    "IsBound": 0,
    "IsGravity": 1,
    "LifeTime": {
        "Max": 2.0,
        "Min": 2.0
    },
    "LocalTransform": {
        "Rotate": {
            "w": 0.0,
            "x": 0.0,
            "y": 0.0,
            "z": 0.0
        },
        "Scale": {
            "w": 0.0,
            "x": 35.0,
            "y": 35.0,
            "z": 35.0
        },
        "Translate": {
            "w": 0.0,
            "x": 0.0,
            "y": 0.0,
            "z": 0.0
        }
    },
    "MaxGrains": 20000,
    "Primitive": 3,
    "Repulsion": 0.5,
    "SizeVelocity": {
        "Max": 30.0,
        "Min": 20.0
    },
    "StartColor": {
        "Max": {
            "w": 1.0,
            "x": 0.5637063980102539,
            "y": 0.0,
            "z": 1.0
        },
        "Min": {
            "w": 1.0,
            "x": 0.41758471727371216,
            "y": 0.0,
            "z": 0.5752896070480347
        }
    },
    "StartTime": 0.0,
    "Texture": "circle.png",
    "Velocity": {
        "Max": {
            "x": 10.0,
            "y": 10.0,
            "z": 10.0
        },
        "Min": {
            "x": -10.0,
            "y": -10.0,
            "z": -10.0
        }
    }
}