{
    "AngularVelocity": {
        "Max": {
            "x": 3.0,
            "y": 3.0,
            "z": 3.0
        },
        "Min": {
            "x": -3.0,
            "y": -3.0,
            "z": -3.0
        }
    },
    "BlendMode": 1,
    "ClumpNum": 1,
    "EffectStyle": 0,
    "EmitRate": 5000,
    "EndColor": {
        "Max": {
            "w": 0.0,
            "x": 1.0,
            "y": 1.0,
            "z": 1.0
        },
        "Min": {
            "w": 0.0,
            "x": 1.0,
            "y": 1.0,
            "z": 1.0
        }
    },
    "EndTime": 1.0,
    "FloorHeight": 0.0,
    "GenerateMethod": 0,
    "GrainTransform": {
        "Rotate": {
            "Max": {
                "x": 0.0,
                "y": 0.0,
                "z": 3.140000104904175
            },
            "Min": {
                "x": 0.0,
                "y": 0.0,
                "z": 0.0
            }
        },
        "Scale": {
            "Max": {
                "x": 0.07999999821186066,
                "y": 0.07999999821186066,
                "z": 0.07999999821186066
            },
            "Min": {
                "x": 0.07999999821186066,
                "y": 0.07999999821186066,
                "z": 0.07999999821186066
            }
        }
    },
    "Gravity": -9.800000190734863,
    "IsBillboard": 1,
    "IsBound": 1,
    "IsGravity": 1,
    "LifeTime": {
        "Max": 2.0,
        "Min": 2.0
    },
    "LocalTransform": {
        "Rotate": {
            "w": 0.0,
            "x": 0.0,
            "y": 0.0,
            "z": 0.0
        },
        "Scale": {
            "w": 0.0,
            "x": 7.0,
            "y": 5.5,
            "z": 7.0
        },
        "Translate": {
            "w": 0.0,
            "x": 0.0,
            "y": 4.300000190734863,
            "z": 0.0
        }
    },
    "MaxGrains": 10000,
    "Primitive": 3,
    "Repulsion": 0.0,
    "SizeVelocity": {
        "Max": 0.0,
        "Min": 0.0
    },
    "StartColor": {
        "Max": {
            "w": 1.0,
            "x": 1.0,
            "y": 1.0,
            "z": 1.0
        },
        "Min": {
            "w": 1.0,
            "x": 1.0,
            "y": 1.0,
            "z": 1.0
        }
    },
    "StartTime": 0.30000001192092896,
    "Texture": "gray.png",
    "Velocity": {
        "Max": {
            "x": 10.0,
            "y": 15.0,
            "z": 10.0
        },
        "Min": {
            "x": -10.0,
            "y": 0.0,
            "z": -10.0
        }
    }
}