{
    "AngularVelocity": {
        "Max": {
            "x": 0.0,
            "y": 0.0,
            "z": 3.140000104904175
        },
        "Min": {
            "x": 0.0,
            "y": 0.0,
            "z": -3.140000104904175
        }
    },
    "BlendMode": 2,
    "ClumpNum": 1,
    "EffectStyle": 0,
    "EmitRate": 3000,
    "EndColor": {
        "Max": {
            "w": 0.0,
            "x": 0.31274133920669556,
            "y": 0.0,
            "z": 0.0
        },
        "Min": {
            "w": 0.0,
            "x": 0.1853281855583191,
            "y": 0.0,
            "z": 0.012880038470029831
        }
    },
    "EndTime": 0.4000000059604645,
    "FloorHeight": 0.0,
    "GenerateMethod": 0,
    "GrainTransform": {
        "Rotate": {
            "Max": {
                "x": 0.0,
                "y": 0.0,
                "z": 0.0
            },
            "Min": {
                "x": 0.0,
                "y": 0.0,
                "z": 0.0
            }
        },
        "Scale": {
            "Max": {
                "x": 4.0,
                "y": 4.0,
                "z": 3.0
            },
            "Min": {
                "x": 4.0,
                "y": 4.0,
                "z": 3.0
            }
        }
    },
    "Gravity": 9.800000190734863,
    "IsBillboard": 1,
    "IsBound": 0,
    "IsGravity": 1,
    "LifeTime": {
        "Max": 0.8999999761581421,
        "Min": 0.699999988079071
    },
    "LocalTransform": {
        "Rotate": {
            "w": 0.0,
            "x": 0.0,
            "y": 0.0,
            "z": 0.0
        },
        "Scale": {
            "w": 0.0,
            "x": 4.0,
            "y": 4.0,
            "z": 4.0
        },
        "Translate": {
            "w": 0.0,
            "x": 0.0,
            "y": 0.0,
            "z": 0.0
        }
    },
    "MaxGrains": 9000,
    "Primitive": 3,
    "Repulsion": 0.5,
    "SizeVelocity": {
        "Max": 0.0,
        "Min": -0.5
    },
    "StartColor": {
        "Max": {
            "w": 1.0,
            "x": 0.25482624769210815,
            "y": 0.12396951019763947,
            "z": 0.0
        },
        "Min": {
            "w": 1.0,
            "x": 0.3320463299751282,
            "y": 0.015384390950202942,
            "z": 0.0
        }
    },
    "StartTime": 0.10000000149011612,
    "Texture": "grunge.png",
    "Velocity": {
        "Max": {
            "x": 25.0,
            "y": 25.0,
            "z": 25.0
        },
        "Min": {
            "x": -25.0,
            "y": -10.0,
            "z": -25.0
        }
    }
}