{
    "AngularVelocity": {
        "Max": {
            "x": 0.0,
            "y": 0.0,
            "z": 0.0
        },
        "Min": {
            "x": 0.0,
            "y": 0.0,
            "z": 0.0
        }
    },
    "BlendMode": 1,
    "ClumpNum": 1,
    "EffectStyle": 1,
    "EmitRate": 300,
    "EndColor": {
        "Max": {
            "w": 0.0,
            "x": 0.0,
            "y": 0.8880308866500854,
            "z": 0.40458542108535767
        },
        "Min": {
            "w": 0.0,
            "x": 0.0,
            "y": 0.3152904808521271,
            "z": 0.8687258958816528
        }
    },
    "EndTime": 0.10000000149011612,
    "FloorHeight": 0.0,
    "GenerateMethod": 0,
    "GrainTransform": {
        "Rotate": {
            "Max": {
                "x": 0.0,
                "y": 0.0,
                "z": 0.0
            },
            "Min": {
                "x": 0.0,
                "y": 0.0,
                "z": 0.0
            }
        },
        "Scale": {
            "Max": {
                "x": 0.5,
                "y": 0.5,
                "z": 0.5
            },
            "Min": {
                "x": 0.10000000149011612,
                "y": 0.10000000149011612,
                "z": 0.10000000149011612
            }
        }
    },
    "Gravity": -100.0,
    "IsBillboard": 1,
    "IsBound": 0,
    "IsGravity": 1,
    "LifeTime": {
        "Max": 1.0,
        "Min": 1.0
    },
    "LocalTransform": {
        "Rotate": {
            "w": 0.0,
            "x": 0.0,
            "y": 0.0,
            "z": 0.0
        },
        "Scale": {
            "w": 0.0,
            "x": 0.10000000149011612,
            "y": 0.10000000149011612,
            "z": 0.10000000149011612
        },
        "Translate": {
            "w": 0.0,
            "x": 0.0,
            "y": 0.0,
            "z": 0.0
        }
    },
    "MaxGrains": 300,
    "Primitive": 3,
    "Repulsion": 0.5,
    "SizeVelocity": {
        "Max": 0.0,
        "Min": 0.0
    },
    "StartColor": {
        "Max": {
            "w": 1.0,
            "x": 0.0,
            "y": 1.0,
            "z": 0.7104246616363525
        },
        "Min": {
            "w": 1.0,
            "x": 0.0,
            "y": 0.2647843658924103,
            "z": 0.41312742233276367
        }
    },
    "StartTime": 0.0,
    "Texture": "white.png",
    "Velocity": {
        "Max": {
            "x": 10.0,
            "y": 70.0,
            "z": 10.0
        },
        "Min": {
            "x": -10.0,
            "y": 30.0,
            "z": -10.0
        }
    }
}