{
    "AngularVelocity": {
        "Max": {
            "x": 0.0,
            "y": 0.0,
            "z": 3.140000104904175
        },
        "Min": {
            "x": 0.0,
            "y": 0.0,
            "z": -3.140000104904175
        }
    },
    "BlendMode": 2,
    "ClumpNum": 1,
    "EffectStyle": 0,
    "EmitRate": 200,
    "EndColor": {
        "Max": {
            "w": 0.0,
            "x": 0.45490196347236633,
            "y": 0.29019609093666077,
            "z": 0.11372549086809158
        },
        "Min": {
            "w": 0.0,
            "x": 0.45490196347236633,
            "y": 0.29019609093666077,
            "z": 0.11372549086809158
        }
    },
    "EndTime": 1.0,
    "FloorHeight": 0.0,
    "GenerateMethod": 0,
    "GrainTransform": {
        "Rotate": {
            "Max": {
                "x": 0.0,
                "y": 0.0,
                "z": 0.0
            },
            "Min": {
                "x": 0.0,
                "y": 0.0,
                "z": 0.0
            }
        },
        "Scale": {
            "Max": {
                "x": 1.0,
                "y": 1.0,
                "z": 1.0
            },
            "Min": {
                "x": 1.0,
                "y": 1.0,
                "z": 1.0
            }
        }
    },
    "Gravity": 0.5,
    "IsBillboard": 1,
    "IsBound": 0,
    "IsGravity": 1,
    "LifeTime": {
        "Max": 3.0,
        "Min": 3.0
    },
    "LocalTransform": {
        "Rotate": {
            "w": 0.0,
            "x": 0.0,
            "y": 0.0,
            "z": 0.0
        },
        "Scale": {
            "w": 0.0,
            "x": 1.0,
            "y": 1.0,
            "z": 1.0
        },
        "Translate": {
            "w": 0.0,
            "x": 0.0,
            "y": -1.0,
            "z": 0.0
        }
    },
    "MaxGrains": 600,
    "Primitive": 3,
    "Repulsion": 0.5,
    "SizeVelocity": {
        "Max": 0.0,
        "Min": 0.0
    },
    "StartColor": {
        "Max": {
            "w": 1.0,
            "x": 0.45559847354888916,
            "y": 0.2882629334926605,
            "z": 0.11433938145637512
        },
        "Min": {
            "w": 1.0,
            "x": 0.45490196347236633,
            "y": 0.29019609093666077,
            "z": 0.11372549086809158
        }
    },
    "StartTime": 0.0,
    "Texture": "smoke.png",
    "Velocity": {
        "Max": {
            "x": 1.2000000476837158,
            "y": 1.2000000476837158,
            "z": 1.2000000476837158
        },
        "Min": {
            "x": -1.2000000476837158,
            "y": -1.2000000476837158,
            "z": -1.2000000476837158
        }
    }
}