{
    "AngularVelocity": {
        "Max": {
            "x": 10.0,
            "y": 10.0,
            "z": 10.0
        },
        "Min": {
            "x": -10.0,
            "y": -10.0,
            "z": -10.0
        }
    },
    "BlendMode": 1,
    "ClumpNum": 1,
    "EffectStyle": 0,
    "EmitRate": 5,
    "EndColor": {
        "Max": {
            "w": 0.0,
            "x": 1.0,
            "y": 1.0,
            "z": 1.0
        },
        "Min": {
            "w": 0.0,
            "x": 1.0,
            "y": 1.0,
            "z": 1.0
        }
    },
    "EndTime": 1.0,
    "FloorHeight": 0.0,
    "GenerateMethod": 0,
    "GrainTransform": {
        "Rotate": {
            "Max": {
                "x": 3.0,
                "y": 3.0,
                "z": 3.0
            },
            "Min": {
                "x": -3.0,
                "y": -3.0,
                "z": -3.0
            }
        },
        "Scale": {
            "Max": {
                "x": 0.05000000074505806,
                "y": 0.03999999910593033,
                "z": 0.05000000074505806
            },
            "Min": {
                "x": 0.05000000074505806,
                "y": 0.03999999910593033,
                "z": 0.05000000074505806
            }
        }
    },
    "Gravity": -5.800000190734863,
    "IsBillboard": 0,
    "IsBound": 1,
    "IsGravity": 1,
    "LifeTime": {
        "Max": 3.0,
        "Min": 1.0
    },
    "LocalTransform": {
        "Rotate": {
            "w": 0.0,
            "x": 0.0,
            "y": 0.0,
            "z": 0.0
        },
        "Scale": {
            "w": 0.0,
            "x": 0.10000000149011612,
            "y": 0.10000000149011612,
            "z": 0.10000000149011612
        },
        "Translate": {
            "w": 0.0,
            "x": 0.0,
            "y": -1.0,
            "z": 0.0
        }
    },
    "MaxGrains": 15,
    "Primitive": 5,
    "Repulsion": 0.20000000298023224,
    "SizeVelocity": {
        "Max": -0.6000000238418579,
        "Min": -0.6000000238418579
    },
    "StartColor": {
        "Max": {
            "w": 1.0,
            "x": 1.0,
            "y": 1.0,
            "z": 1.0
        },
        "Min": {
            "w": 1.0,
            "x": 1.0,
            "y": 1.0,
            "z": 1.0
        }
    },
    "StartTime": 0.0,
    "Texture": "black.png",
    "Velocity": {
        "Max": {
            "x": 5.0,
            "y": 5.0,
            "z": 5.0
        },
        "Min": {
            "x": -5.0,
            "y": -1.0,
            "z": -5.0
        }
    }
}