{
    "AngularVelocity": {
        "Max": {
            "x": 0.0,
            "y": 0.0,
            "z": 0.0
        },
        "Min": {
            "x": 0.0,
            "y": 0.0,
            "z": 0.0
        }
    },
    "BlendMode": 2,
    "ClumpNum": 1,
    "EffectStyle": 0,
    "EmitRate": 15000,
    "EndColor": {
        "Max": {
            "w": 0.0,
            "x": 0.0,
            "y": 0.8996139168739319,
            "z": 0.2639791667461395
        },
        "Min": {
            "w": 0.0,
            "x": 0.015503669157624245,
            "y": 0.0,
            "z": 0.5019304752349854
        }
    },
    "EndTime": 0.20000000298023224,
    "FloorHeight": 0.0,
    "GenerateMethod": 0,
    "GrainTransform": {
        "Rotate": {
            "Max": {
                "x": 0.0,
                "y": 0.0,
                "z": 0.0
            },
            "Min": {
                "x": 0.0,
                "y": 0.0,
                "z": 0.0
            }
        },
        "Scale": {
            "Max": {
                "x": 1.0,
                "y": 1.0,
                "z": 1.0
            },
            "Min": {
                "x": 1.0,
                "y": 1.0,
                "z": 1.0
            }
        }
    },
    "Gravity": 1.0,
    "IsBillboard": 1,
    "IsBound": 0,
    "IsGravity": 0,
    "LifeTime": {
        "Max": 1.0,
        "Min": 1.0
    },
    "LocalTransform": {
        "Rotate": {
            "w": 0.0,
            "x": 0.0,
            "y": 0.0,
            "z": 0.0
        },
        "Scale": {
            "w": 0.0,
            "x": 35.0,
            "y": 35.0,
            "z": 35.0
        },
        "Translate": {
            "w": 0.0,
            "x": 0.0,
            "y": 0.0,
            "z": 0.0
        }
    },
    "MaxGrains": 5000,
    "Primitive": 3,
    "Repulsion": 0.5,
    "SizeVelocity": {
        "Max": 0.0,
        "Min": 0.0
    },
    "StartColor": {
        "Max": {
            "w": 1.0,
            "x": 0.0,
            "y": 0.8230646848678589,
            "z": 0.9961389899253845
        },
        "Min": {
            "w": 1.0,
            "x": 0.0,
            "y": 0.21120724081993103,
            "z": 0.6216216087341309
        }
    },
    "StartTime": 0.0,
    "Texture": "circle.png",
    "Velocity": {
        "Max": {
            "x": 70.0,
            "y": 70.0,
            "z": 70.0
        },
        "Min": {
            "x": -70.0,
            "y": -5.0,
            "z": -70.0
        }
    }
}