{
    "AngularVelocity": {
        "Max": {
            "x": 0.0,
            "y": 0.0,
            "z": 0.0
        },
        "Min": {
            "x": 0.0,
            "y": 0.0,
            "z": 0.0
        }
    },
    "BlendMode": 1,
    "ClumpNum": 1,
    "EffectStyle": 0,
    "EmitRate": 80000,
    "EndColor": {
        "Max": {
            "w": 0.0,
            "x": 0.4247104525566101,
            "y": 0.2656489908695221,
            "z": 0.0
        },
        "Min": {
            "w": 0.0,
            "x": 0.2664092779159546,
            "y": 0.11108957231044769,
            "z": 0.0
        }
    },
    "EndTime": 0.30000001192092896,
    "FloorHeight": 0.0,
    "GenerateMethod": 0,
    "GrainTransform": {
        "Rotate": {
            "Max": {
                "x": 0.0,
                "y": 0.0,
                "z": 0.0
            },
            "Min": {
                "x": 0.0,
                "y": 0.0,
                "z": 0.0
            }
        },
        "Scale": {
            "Max": {
                "x": 0.10000000149011612,
                "y": 0.10000000149011612,
                "z": 0.10000000149011612
            },
            "Min": {
                "x": 0.10000000149011612,
                "y": 0.10000000149011612,
                "z": 0.10000000149011612
            }
        }
    },
    "Gravity": -100.0,
    "IsBillboard": 1,
    "IsBound": 0,
    "IsGravity": 1,
    "LifeTime": {
        "Max": 2.5,
        "Min": 2.5
    },
    "LocalTransform": {
        "Rotate": {
            "w": 0.0,
            "x": 0.0,
            "y": 0.0,
            "z": 0.0
        },
        "Scale": {
            "w": 0.0,
            "x": 16.0,
            "y": 0.10000000149011612,
            "z": 16.0
        },
        "Translate": {
            "w": 0.0,
            "x": 0.0,
            "y": 0.0,
            "z": 0.0
        }
    },
    "MaxGrains": 10000,
    "Primitive": 3,
    "Repulsion": 0.5,
    "SizeVelocity": {
        "Max": 0.0,
        "Min": 0.0
    },
    "StartColor": {
        "Max": {
            "w": 1.0,
            "x": 0.48262548446655273,
            "y": 0.20124921202659607,
            "z": 0.0
        },
        "Min": {
            "w": 1.0,
            "x": 0.5096524953842163,
            "y": 0.2951655387878418,
            "z": 0.0
        }
    },
    "StartTime": 0.20000000298023224,
    "Texture": "white.png",
    "Velocity": {
        "Max": {
            "x": 20.0,
            "y": 150.0,
            "z": 20.0
        },
        "Min": {
            "x": -20.0,
            "y": 20.0,
            "z": -20.0
        }
    }
}