{
    "AngularVelocity": {
        "Max": {
            "x": 0.0,
            "y": 0.0,
            "z": 1.7999999523162842
        },
        "Min": {
            "x": 0.0,
            "y": 0.0,
            "z": -1.7999999523162842
        }
    },
    "BlendMode": 2,
    "ClumpNum": 3,
    "EffectStyle": 0,
    "EmitRate": 120,
    "EndColor": {
        "Max": {
            "w": 0.0,
            "x": 1.0,
            "y": 0.0,
            "z": 0.0
        },
        "Min": {
            "w": 0.0,
            "x": 1.0,
            "y": 0.0,
            "z": 0.06949853897094727
        }
    },
    "EndTime": 0.5,
    "FloorHeight": 0.0,
    "GenerateMethod": 1,
    "GrainTransform": {
        "Rotate": {
            "Max": {
                "x": 0.0,
                "y": 0.0,
                "z": 3.140000104904175
            },
            "Min": {
                "x": 0.0,
                "y": 0.0,
                "z": 0.0
            }
        },
        "Scale": {
            "Max": {
                "x": 2.0,
                "y": 2.0,
                "z": 1.0
            },
            "Min": {
                "x": 1.0,
                "y": 1.0,
                "z": 1.0
            }
        }
    },
    "Gravity": 2.0,
    "IsBillboard": 1,
    "IsBound": 0,
    "IsGravity": 1,
    "LifeTime": {
        "Max": 1.2000000476837158,
        "Min": 0.800000011920929
    },
    "LocalTransform": {
        "Rotate": {
            "w": 0.0,
            "x": 0.0,
            "y": 0.0,
            "z": 0.0
        },
        "Scale": {
            "w": 0.0,
            "x": 1.0,
            "y": 1.0,
            "z": 1.0
        },
        "Translate": {
            "w": 0.0,
            "x": 0.10000000149011612,
            "y": 0.10000000149011612,
            "z": 0.10000000149011612
        }
    },
    "MaxGrains": 360,
    "Primitive": 3,
    "Repulsion": 0.5,
    "SizeVelocity": {
        "Max": 50.0,
        "Min": 40.0
    },
    "StartColor": {
        "Max": {
            "w": 1.0,
            "x": 0.6332046985626221,
            "y": 1.0,
            "z": 0.0
        },
        "Min": {
            "w": 1.0,
            "x": 1.0,
            "y": 0.0,
            "z": 0.30115842819213867
        }
    },
    "StartTime": 0.20000000298023224,
    "Texture": "grunge.png",
    "Velocity": {
        "Max": {
            "x": 25.0,
            "y": 25.0,
            "z": 25.0
        },
        "Min": {
            "x": -25.0,
            "y": -25.0,
            "z": -25.0
        }
    }
}