{
    "AngularVelocity": {
        "Max": {
            "x": 0.0,
            "y": 0.0,
            "z": 6.199999809265137
        },
        "Min": {
            "x": 0.0,
            "y": 0.0,
            "z": -6.199999809265137
        }
    },
    "BlendMode": 2,
    "ClumpNum": 7,
    "EffectStyle": 1,
    "EmitRate": 0,
    "EndColor": {
        "Max": {
            "w": 0.0,
            "x": 1.0,
            "y": 1.0,
            "z": 1.0
        },
        "Min": {
            "w": 0.0,
            "x": 1.0,
            "y": 1.0,
            "z": 1.0
        }
    },
    "EndTime": 0.0,
    "FloorHeight": 0.0,
    "GenerateMethod": 1,
    "GrainTransform": {
        "Rotate": {
            "Max": {
                "x": 0.0,
                "y": 0.0,
                "z": 3.140000104904175
            },
            "Min": {
                "x": 0.0,
                "y": 0.0,
                "z": 0.0
            }
        },
        "Scale": {
            "Max": {
                "x": 140.0,
                "y": 3.5,
                "z": 1.0
            },
            "Min": {
                "x": 120.0,
                "y": 3.5,
                "z": 1.0
            }
        }
    },
    "Gravity": 1.0,
    "IsBillboard": 1,
    "IsBound": 0,
    "IsGravity": 0,
    "LifeTime": {
        "Max": 0.30000001192092896,
        "Min": 0.20000000298023224
    },
    "LocalTransform": {
        "Rotate": {
            "w": 0.0,
            "x": 0.0,
            "y": 0.0,
            "z": 0.0
        },
        "Scale": {
            "w": 0.0,
            "x": 1.0,
            "y": 1.0,
            "z": 1.0
        },
        "Translate": {
            "w": 0.0,
            "x": 0.10000000149011612,
            "y": 0.10000000149011612,
            "z": 0.10000000149011612
        }
    },
    "MaxGrains": 7,
    "Primitive": 3,
    "Repulsion": 0.5,
    "SizeVelocity": {
        "Max": -0.6000000238418579,
        "Min": -1.100000023841858
    },
    "StartColor": {
        "Max": {
            "w": 1.0,
            "x": 1.0,
            "y": 1.0,
            "z": 0.0
        },
        "Min": {
            "w": 1.0,
            "x": 1.0,
            "y": 1.0,
            "z": 0.0
        }
    },
    "StartTime": 0.0,
    "Texture": "circle2.png",
    "Velocity": {
        "Max": {
            "x": 0.0,
            "y": 0.0,
            "z": 0.0
        },
        "Min": {
            "x": 0.0,
            "y": 0.0,
            "z": 0.0
        }
    }
}