{
    "AngularVelocity": {
        "Max": {
            "x": 0.0,
            "y": 0.0,
            "z": 1.5
        },
        "Min": {
            "x": 0.0,
            "y": 0.0,
            "z": -1.5
        }
    },
    "BlendMode": 1,
    "ClumpNum": 8,
    "EffectStyle": 0,
    "EmitRate": 20,
    "EndColor": {
        "Max": {
            "w": 0.0,
            "x": 0.0941176488995552,
            "y": 0.0941176488995552,
            "z": 0.0941176488995552
        },
        "Min": {
            "w": 0.0,
            "x": 0.09266406297683716,
            "y": 0.09266406297683716,
            "z": 0.09266406297683716
        }
    },
    "EndTime": 0.6299999952316284,
    "FloorHeight": 0.0,
    "GenerateMethod": 1,
    "GrainTransform": {
        "Rotate": {
            "Max": {
                "x": 0.0,
                "y": 0.0,
                "z": 3.140000104904175
            },
            "Min": {
                "x": 0.0,
                "y": 0.0,
                "z": 0.0
            }
        },
        "Scale": {
            "Max": {
                "x": 3.0,
                "y": 2.5,
                "z": 1.0
            },
            "Min": {
                "x": 2.0,
                "y": 1.0,
                "z": 1.0
            }
        }
    },
    "Gravity": 13.5,
    "IsBillboard": 1,
    "IsBound": 0,
    "IsGravity": 1,
    "LifeTime": {
        "Max": 1.600000023841858,
        "Min": 1.2000000476837158
    },
    "LocalTransform": {
        "Rotate": {
            "w": 0.0,
            "x": 0.0,
            "y": 0.0,
            "z": 0.0
        },
        "Scale": {
            "w": 0.0,
            "x": 12.0,
            "y": 12.0,
            "z": 12.0
        },
        "Translate": {
            "w": 0.0,
            "x": 0.0,
            "y": 0.0,
            "z": 0.0
        }
    },
    "MaxGrains": 320,
    "Primitive": 3,
    "Repulsion": 0.5,
    "SizeVelocity": {
        "Max": 15.5,
        "Min": 11.899999618530273
    },
    "StartColor": {
        "Max": {
            "w": 0.501960813999176,
            "x": 0.0,
            "y": 0.0,
            "z": 0.0
        },
        "Min": {
            "w": 0.3764705955982208,
            "x": 0.0,
            "y": 0.0,
            "z": 0.0
        }
    },
    "StartTime": 0.33000001311302185,
    "Texture": "smoke.png",
    "Velocity": {
        "Max": {
            "x": 0.5,
            "y": 0.5,
            "z": 0.5
        },
        "Min": {
            "x": -0.5,
            "y": -0.5,
            "z": -0.5
        }
    }
}