{
    "AngularVelocity": {
        "Max": {
            "x": 0.0,
            "y": 0.0,
            "z": 0.0
        },
        "Min": {
            "x": 0.0,
            "y": 0.0,
            "z": 0.0
        }
    },
    "BlendMode": 2,
    "ClumpNum": 1,
    "EffectStyle": 0,
    "EmitRate": 1000,
    "EndColor": {
        "Max": {
            "w": 0.0,
            "x": 1.0,
            "y": 0.0,
            "z": 0.0
        },
        "Min": {
            "w": 0.0,
            "x": 1.0,
            "y": 1.0,
            "z": 0.0
        }
    },
    "EndTime": 0.20000000298023224,
    "FloorHeight": 0.0,
    "GenerateMethod": 0,
    "GrainTransform": {
        "Rotate": {
            "Max": {
                "x": 0.0,
                "y": 0.0,
                "z": 0.0
            },
            "Min": {
                "x": 0.0,
                "y": 0.0,
                "z": 0.0
            }
        },
        "Scale": {
            "Max": {
                "x": 0.4000000059604645,
                "y": 0.4000000059604645,
                "z": 0.4000000059604645
            },
            "Min": {
                "x": 0.20000000298023224,
                "y": 0.20000000298023224,
                "z": 0.20000000298023224
            }
        }
    },
    "Gravity": 0.0,
    "IsBillboard": 1,
    "IsBound": 0,
    "IsGravity": 0,
    "LifeTime": {
        "Max": 2.0,
        "Min": 2.0
    },
    "LocalTransform": {
        "Rotate": {
            "w": 0.0,
            "x": 0.0,
            "y": 0.0,
            "z": 0.0
        },
        "Scale": {
            "w": 0.0,
            "x": 0.10000000149011612,
            "y": 0.10000000149011612,
            "z": 0.10000000149011612
        },
        "Translate": {
            "w": 0.0,
            "x": 0.0,
            "y": 0.0,
            "z": 0.0
        }
    },
    "MaxGrains": 2000,
    "Primitive": 3,
    "Repulsion": 0.0,
    "SizeVelocity": {
        "Max": 0.0,
        "Min": 0.0
    },
    "StartColor": {
        "Max": {
            "w": 1.0,
            "x": 1.0,
            "y": 0.0,
            "z": 0.0
        },
        "Min": {
            "w": 1.0,
            "x": 1.0,
            "y": 1.0,
            "z": 0.0
        }
    },
    "StartTime": 0.05000000074505806,
    "Texture": "circle.png",
    "Velocity": {
        "Max": {
            "x": 30.0,
            "y": 30.0,
            "z": 30.0
        },
        "Min": {
            "x": -30.0,
            "y": -20.0,
            "z": -30.0
        }
    }
}