{
    "AngularVelocity": {
        "Max": {
            "x": 0.0,
            "y": 0.0,
            "z": 0.0
        },
        "Min": {
            "x": 0.0,
            "y": 0.0,
            "z": 0.0
        }
    },
    "BlendMode": 2,
    "ClumpNum": 1,
    "EffectStyle": 0,
    "EmitRate": 10000,
    "EndColor": {
        "Max": {
            "w": 0.0,
            "x": 0.4000000059604645,
            "y": 0.9137254953384399,
            "z": 0.35686275362968445
        },
        "Min": {
            "w": 0.0,
            "x": 0.4000000059604645,
            "y": 0.9137254953384399,
            "z": 0.35686275362968445
        }
    },
    "EndTime": 1.0,
    "FloorHeight": 0.0,
    "GenerateMethod": 0,
    "GrainTransform": {
        "Rotate": {
            "Max": {
                "x": 0.0,
                "y": 0.0,
                "z": 0.0
            },
            "Min": {
                "x": 0.0,
                "y": 0.0,
                "z": 0.0
            }
        },
        "Scale": {
            "Max": {
                "x": 0.10000000149011612,
                "y": 0.10000000149011612,
                "z": 1.0
            },
            "Min": {
                "x": 0.10000000149011612,
                "y": 0.10000000149011612,
                "z": 1.0
            }
        }
    },
    "Gravity": 1.0,
    "IsBillboard": 1,
    "IsBound": 0,
    "IsGravity": 0,
    "LifeTime": {
        "Max": 10.0,
        "Min": 10.0
    },
    "LocalTransform": {
        "Rotate": {
            "w": 0.0,
            "x": 0.0,
            "y": 0.0,
            "z": 0.0
        },
        "Scale": {
            "w": 0.0,
            "x": 1.0,
            "y": 1.0,
            "z": 1.0
        },
        "Translate": {
            "w": 0.0,
            "x": 0.0,
            "y": 0.0,
            "z": 0.0
        }
    },
    "MaxGrains": 100000,
    "Primitive": 3,
    "Repulsion": 0.5,
    "SizeVelocity": {
        "Max": 0.0,
        "Min": 0.0
    },
    "StartColor": {
        "Max": {
            "w": 1.0,
            "x": 0.3998637795448303,
            "y": 0.9137254953384399,
            "z": 0.3568628132343292
        },
        "Min": {
            "w": 1.0,
            "x": 0.4000000059604645,
            "y": 0.9137254953384399,
            "z": 0.35686275362968445
        }
    },
    "StartTime": 0.0,
    "Texture": "circle.png",
    "Velocity": {
        "Max": {
            "x": 0.5,
            "y": 0.5,
            "z": 0.5
        },
        "Min": {
            "x": -0.5,
            "y": -0.5,
            "z": -0.5
        }
    }
}